W,e,e,k,",",Y,e,a,r,",",G,I,D,",",N,a,m,e,",",P,o,s,",",T,e,a,m,",",h,/,a,",",O,p,p,t,",",D,K, ,p,o,i,n,t,s,",",D,K, ,s,a,l,a,r,y
1,",",2,0,1,4,",",1,3,0,1,",",R,y,a,n,",", ,M,a,t,t,",",Q,B,",",a,t,l,",",h,",",n,o,r,",",3,4,.,4,2,",",7,9,0,0
1,",",2,0,1,4,",",1,3,4,0,",",S,t,a,f,f,o,r,d,",", ,M,a,t,t,h,e,w,",",Q,B,",",d,e,t,",",h,",",n,y,g,",",3,3,.,0,4,",",9,0,0,0
1,",",2,0,1,4,",",1,4,0,9,",",L,u,c,k,",", ,A,n,d,r,e,w,",",Q,B,",",i,n,d,",",a,",",d,e,n,",",3,1,.,7,",",8,3,0,0
1,",",2,0,1,4,",",1,2,0,7,",",P,a,l,m,e,r,",", ,C,a,r,s,o,n,",",Q,B,",",a,r,i,",",h,",",s,d,g,",",2,5,.,0,6,",",7,5,0,0
1,",",2,0,1,4,",",1,2,6,3,",",C,u,t,l,e,r,",", ,J,a,y,",",Q,B,",",c,h,i,",",h,",",b,u,f,",",2,2,.,9,6,",",7,8,0,0
1,",",2,0,1,4,",",1,0,8,1,",",M,a,n,n,i,n,g,",", ,P,e,y,t,o,n,",",Q,B,",",d,e,n,",",h,",",i,n,d,",",2,2,.,4,6,",",1,0,1,0,0
1,",",2,0,1,4,",",1,2,3,2,",",R,o,e,t,h,l,i,s,b,e,r,g,e,r,",", ,B,e,n,",",Q,B,",",p,i,t,",",h,",",c,l,e,",",2,1,.,4,",",7,6,0,0
1,",",2,0,1,4,",",1,4,0,3,",",D,a,l,t,o,n,",", ,A,n,d,y,",",Q,B,",",c,i,n,",",a,",",b,a,l,",",2,1,.,3,4,",",6,8,0,0
1,",",2,0,1,4,",",1,4,1,3,",",F,o,l,e,s,",", ,N,i,c,k,",",Q,B,",",p,h,i,",",h,",",j,a,c,",",2,0,.,8,8,",",8,5,0,0
1,",",2,0,1,4,",",1,3,0,2,",",F,l,a,c,c,o,",", ,J,o,e,",",Q,B,",",b,a,l,",",h,",",c,i,n,",",2,0,.,5,",",6,7,0,0
1,",",2,0,1,4,",",1,3,8,2,",",L,o,c,k,e,r,",", ,J,a,k,e,",",Q,B,",",t,e,n,",",a,",",k,a,n,",",2,0,.,0,4,",",6,1,0,0
1,",",2,0,1,4,",",1,1,5,1,",",B,r,e,e,s,",", ,D,r,e,w,",",Q,B,",",n,o,r,",",a,",",a,t,l,",",1,9,.,5,2,",",9,7,0,0
1,",",2,0,1,4,",",1,4,1,2,",",W,i,l,s,o,n,",", ,R,u,s,s,e,l,l,",",Q,B,",",s,e,a,",",h,",",g,n,b,",",1,8,.,5,4,",",7,7,0,0
1,",",2,0,1,4,",",1,3,0,9,",",H,e,n,n,e,",", ,C,h,a,d,",",Q,B,",",j,a,c,",",a,",",p,h,i,",",1,8,.,4,4,",",5,2,0,0
1,",",2,0,1,4,",",1,2,3,9,",",A,n,d,e,r,s,o,n,",", ,D,e,r,e,k,",",Q,B,",",c,a,r,",",a,",",t,a,m,",",1,8,.,2,",",5,0,0,0
1,",",2,0,1,4,",",1,4,2,1,",",M,a,n,u,e,l,",", ,E,.,J,.,",",Q,B,",",b,u,f,",",a,",",c,h,i,",",1,7,.,8,2,",",5,9,0,0
1,",",2,0,1,4,",",1,4,0,4,",",K,a,e,p,e,r,n,i,c,k,",", ,C,o,l,i,n,",",Q,B,",",s,f,o,",",a,",",d,a,l,",",1,7,.,1,4,",",8,0,0,0
1,",",2,0,1,4,",",1,1,7,5,",",M,c,C,o,w,n,",", ,J,o,s,h,",",Q,B,",",t,a,m,",",h,",",c,a,r,",",1,6,.,0,2,",",5,6,0,0
1,",",2,0,1,4,",",1,4,2,6,",",S,m,i,t,h,",", ,G,e,n,o,",",Q,B,",",n,y,j,",",h,",",o,a,k,",",1,4,.,6,4,",",6,5,0,0
1,",",2,0,1,4,",",1,2,4,1,",",C,a,s,s,e,l,",", ,M,a,t,t,",",Q,B,",",m,i,n,",",a,",",s,t,l,",",1,4,.,5,",",5,6,0,0
1,",",2,0,1,4,",",1,4,4,1,",",C,a,r,r,",", ,D,e,r,e,k,",",Q,B,",",o,a,k,",",a,",",n,y,j,",",1,3,.,9,4,",",5,0,0,0
1,",",2,0,1,4,",",1,4,1,0,",",T,a,n,n,e,h,i,l,l,",", ,R,y,a,n,",",Q,B,",",m,i,a,",",h,",",n,w,e,",",1,3,.,9,2,",",7,2,0,0
1,",",2,0,1,4,",",1,2,3,1,",",R,i,v,e,r,s,",", ,P,h,i,l,i,p,",",Q,B,",",s,d,g,",",a,",",a,r,i,",",1,3,.,5,2,",",7,4,0,0
1,",",2,0,1,4,",",1,2,4,2,",",F,i,t,z,p,a,t,r,i,c,k,",", ,R,y,a,n,",",Q,B,",",h,o,u,",",h,",",w,a,s,",",1,3,.,2,4,",",5,4,0,0
1,",",2,0,1,4,",",1,3,3,6,",",H,o,y,e,r,",", ,B,r,i,a,n,",",Q,B,",",c,l,e,",",a,",",p,i,t,",",1,3,",",6,0,0,0
1,",",2,0,1,4,",",1,2,5,4,",",S,m,i,t,h,",", ,A,l,e,x,",",Q,B,",",k,a,n,",",h,",",t,e,n,",",1,2,.,6,8,",",7,0,0,0
1,",",2,0,1,4,",",1,1,3,1,",",B,r,a,d,y,",", ,T,o,m,",",Q,B,",",n,w,e,",",a,",",m,i,a,",",1,2,.,2,6,",",7,7,0,0
1,",",2,0,1,4,",",1,2,3,3,",",R,o,m,o,",", ,T,o,n,y,",",Q,B,",",d,a,l,",",h,",",s,f,o,",",1,2,.,2,4,",",7,5,0,0
1,",",2,0,1,4,",",1,2,5,2,",",R,o,d,g,e,r,s,",", ,A,a,r,o,n,",",Q,B,",",g,n,b,",",a,",",s,e,a,",",1,0,.,5,6,",",8,8,0,0
1,",",2,0,1,4,",",1,4,0,8,",",G,r,i,f,f,i,n, ,I,I,I,",", ,R,o,b,e,r,t,",",Q,B,",",w,a,s,",",a,",",h,o,u,",",9,.,8,8,",",8,2,0,0
1,",",2,0,1,4,",",1,2,2,5,",",M,a,n,n,i,n,g,",", ,E,l,i,",",Q,B,",",n,y,g,",",a,",",d,e,t,",",8,.,5,2,",",7,4,0,0
1,",",2,0,1,4,",",1,4,4,5,",",D,a,v,i,s,",", ,A,u,s,t,i,n,",",Q,B,",",s,t,l,",",h,",",m,i,n,",",6,.,6,8,",",5,0,0,0
1,",",2,0,1,4,",",1,2,1,3,",",H,i,l,l,",", ,S,h,a,u,n,",",Q,B,",",s,t,l,",",h,",",m,i,n,",",2,.,1,4,",",5,0,0,0
1,",",2,0,1,4,",",1,3,9,9,",",Y,a,t,e,s,",", ,T,.,J,.,",",Q,B,",",a,t,l,",",h,",",n,o,r,",",0,",",5,0,0,0
1,",",2,0,1,4,",",1,2,2,7,",",M,c,C,o,w,n,",", ,L,u,k,e,",",Q,B,",",n,o,r,",",a,",",a,t,l,",",0,",",5,0,0,0
1,",",2,0,1,4,",",1,1,5,5,",",V,i,c,k,",", ,M,i,c,h,a,e,l,",",Q,B,",",n,y,j,",",h,",",o,a,k,",",0,",",7,3,0,0
1,",",2,0,1,4,",",2,8,8,8,",",B,e,l,l,",", ,L,e,',V,e,o,n,",",R,B,",",p,i,t,",",h,",",c,l,e,",",3,4,.,7,",",6,7,0,0
1,",",2,0,1,4,",",2,5,5,2,",",L,y,n,c,h,",", ,M,a,r,s,h,a,w,n,",",R,B,",",s,e,a,",",h,",",g,n,b,",",2,8,.,4,",",6,8,0,0
1,",",2,0,1,4,",",2,8,3,1,",",M,u,r,r,a,y,",", ,D,e,M,a,r,c,o,",",R,B,",",d,a,l,",",h,",",s,f,o,",",2,5,.,3,",",6,8,0,0
1,",",2,0,1,4,",",2,6,1,3,",",F,o,r,t,e,",", ,M,a,t,t,",",R,B,",",c,h,i,",",h,",",b,u,f,",",2,4,.,9,",",8,3,0,0
1,",",2,0,1,4,",",2,7,0,6,",",M,o,r,e,n,o,",", ,K,n,o,w,s,h,o,n,",",R,B,",",m,i,a,",",h,",",n,w,e,",",2,2,.,4,",",4,0,0,0
1,",",2,0,1,4,",",2,6,4,5,",",J,o,h,n,s,o,n,",", ,C,h,r,i,s,",",R,B,",",n,y,j,",",h,",",o,a,k,",",2,0,.,1,",",5,1,0,0
1,",",2,0,1,4,",",2,6,5,8,",",J,e,n,n,i,n,g,s,",", ,R,a,s,h,a,d,",",R,B,",",n,y,g,",",a,",",d,e,t,",",1,9,.,6,",",5,0,0,0
1,",",2,0,1,4,",",2,6,4,2,",",F,o,r,s,e,t,t,",", ,J,u,s,t,i,n,",",R,B,",",b,a,l,",",h,",",c,i,n,",",1,9,.,4,",",3,0,0,0
1,",",2,0,1,4,",",2,7,4,1,",",I,v,o,r,y,",", ,C,h,r,i,s,",",R,B,",",n,y,j,",",h,",",o,a,k,",",1,9,.,2,",",4,3,0,0
1,",",2,0,1,4,",",2,7,9,3,",",I,n,g,r,a,m,",", ,M,a,r,k,",",R,B,",",n,o,r,",",a,",",a,t,l,",",1,9,.,1,",",4,2,0,0
1,",",2,0,1,4,",",2,4,8,4,",",S,p,r,o,l,e,s,",", ,D,a,r,r,e,n,",",R,B,",",p,h,i,",",h,",",j,a,c,",",1,8,.,5,",",4,7,0,0
1,",",2,0,1,4,",",2,8,3,0,",",V,e,r,e,e,n,",", ,S,h,a,n,e,",",R,B,",",n,w,e,",",a,",",m,i,a,",",1,8,.,1,",",6,1,0,0
1,",",2,0,1,4,",",2,7,0,7,",",M,c,C,o,y,",", ,L,e,S,e,a,n,",",R,B,",",p,h,i,",",h,",",j,a,c,",",1,7,.,5,",",8,4,0,0
1,",",2,0,1,4,",",2,8,8,9,",",B,e,r,n,a,r,d,",", ,G,i,o,v,a,n,i,",",R,B,",",c,i,n,",",a,",",b,a,l,",",1,7,",",6,6,0,0
1,",",2,0,1,4,",",2,8,5,9,",",M,i,l,l,e,r,",", ,L,a,m,a,r,",",R,B,",",m,i,a,",",h,",",n,w,e,",",1,6,.,8,",",4,8,0,0
1,",",2,0,1,4,",",2,8,8,6,",",B,a,l,l,",", ,M,o,n,t,e,e,",",R,B,",",d,e,n,",",h,",",i,n,d,",",1,6,.,3,",",7,0,0,0
1,",",2,0,1,4,",",2,6,9,6,",",F,o,s,t,e,r,",", ,A,r,i,a,n,",",R,B,",",h,o,u,",",h,",",w,a,s,",",1,6,",",7,2,0,0
1,",",2,0,1,4,",",2,7,7,5,",",S,p,i,l,l,e,r,",", ,C,.,J,.,",",R,B,",",b,u,f,",",a,",",c,h,i,",",1,5,.,4,",",6,2,0,0
1,",",2,0,1,4,",",2,9,6,9,",",C,r,o,w,e,l,l,",", ,I,s,a,i,a,h,",",R,B,",",c,l,e,",",a,",",p,i,t,",",1,5,.,2,",",3,0,0,0
1,",",2,0,1,4,",",2,5,9,8,",",T,h,o,m,a,s,",", ,P,i,e,r,r,e,",",R,B,",",n,o,r,",",a,",",a,t,l,",",1,4,.,9,",",5,0,0,0
1,",",2,0,1,4,",",2,7,5,4,",",M,a,t,h,e,w,s,",", ,R,y,a,n,",",R,B,",",s,d,g,",",a,",",a,r,i,",",1,4,",",5,4,0,0
1,",",2,0,1,4,",",2,5,3,5,",",B,r,a,d,s,h,a,w,",", ,A,h,m,a,d,",",R,B,",",i,n,d,",",a,",",d,e,n,",",1,3,.,5,",",3,9,0,0
1,",",2,0,1,4,",",2,7,7,4,",",S,m,i,t,h,",", ,A,n,t,o,n,e,",",R,B,",",a,t,l,",",h,",",n,o,r,",",1,3,.,1,",",3,0,0,0
1,",",2,0,1,4,",",2,9,2,9,",",W,e,s,t,",", ,T,e,r,r,a,n,c,e,",",R,B,",",c,l,e,",",a,",",p,i,t,",",1,3,",",4,6,0,0
1,",",2,0,1,4,",",2,7,1,9,",",B,e,l,l,",", ,J,o,i,q,u,e,",",R,B,",",d,e,t,",",h,",",n,y,g,",",1,2,.,6,",",5,5,0,0
1,",",2,0,1,4,",",2,4,9,5,",",B,u,s,h,",", ,R,e,g,g,i,e,",",R,B,",",d,e,t,",",h,",",n,y,g,",",1,2,.,4,",",6,5,0,0
1,",",2,0,1,4,",",2,8,9,2,",",E,l,l,i,n,g,t,o,n,",", ,A,n,d,r,e,",",R,B,",",a,r,i,",",h,",",s,d,g,",",1,2,",",6,0,0,0
1,",",2,0,1,4,",",2,9,0,3,",",T,a,y,l,o,r,",", ,S,t,e,p,f,a,n,",",R,B,",",a,r,i,",",h,",",s,d,g,",",1,1,.,6,",",3,0,0,0
1,",",2,0,1,4,",",2,5,5,3,",",P,e,t,e,r,s,o,n,",", ,A,d,r,i,a,n,",",R,B,",",m,i,n,",",a,",",s,t,l,",",1,1,.,3,",",7,9,0,0
1,",",2,0,1,4,",",2,9,3,3,",",H,y,d,e,",", ,C,a,r,l,o,s,",",R,B,",",s,f,o,",",a,",",d,a,l,",",1,1,",",3,9,0,0
1,",",2,0,1,4,",",2,8,1,8,",",R,o,d,g,e,r,s,",", ,J,a,c,q,u,i,z,z,",",R,B,",",a,t,l,",",h,",",n,o,r,",",1,0,.,5,",",3,2,0,0
1,",",2,0,1,4,",",2,5,2,0,",",J,a,c,k,s,o,n,",", ,F,r,e,d,",",R,B,",",b,u,f,",",a,",",c,h,i,",",1,0,.,4,",",4,4,0,0
1,",",2,0,1,4,",",2,9,1,1,",",C,u,n,n,i,n,g,h,a,m,",", ,B,e,n,n,y,",",R,B,",",s,t,l,",",h,",",m,i,n,",",9,.,1,",",3,0,0,0
1,",",2,0,1,4,",",2,8,7,1,",",M,o,r,r,i,s,",", ,A,l,f,r,e,d,",",R,B,",",w,a,s,",",a,",",h,o,u,",",9,.,1,",",5,8,0,0
1,",",2,0,1,4,",",2,8,6,3,",",R,a,i,n,e,y,",", ,B,o,b,b,y,",",R,B,",",t,a,m,",",h,",",c,a,r,",",9,",",3,0,0,0
1,",",2,0,1,4,",",2,9,2,0,",",R,o,b,i,n,s,o,n,",", ,K,h,i,r,y,",",R,B,",",n,o,r,",",a,",",a,t,l,",",8,.,8,",",3,0,0,0
1,",",2,0,1,4,",",2,9,0,9,",",C,o,l,e,m,a,n,",", ,D,e,r,r,i,c,k,",",R,B,",",s,e,a,",",h,",",g,n,b,",",8,.,5,",",3,0,0,0
1,",",2,0,1,4,",",2,8,6,5,",",R,i,c,h,a,r,d,s,o,n,",", ,T,r,e,n,t,",",R,B,",",i,n,d,",",a,",",d,e,n,",",8,.,1,",",5,3,0,0
1,",",2,0,1,4,",",2,8,1,3,",",H,e,l,u,",", ,R,o,y,",",R,B,",",w,a,s,",",a,",",h,o,u,",",8,.,1,",",3,7,0,0
1,",",2,0,1,4,",",2,7,3,6,",",G,e,r,h,a,r,t,",", ,T,o,b,y,",",R,B,",",j,a,c,",",a,",",p,h,i,",",7,.,7,",",5,6,0,0
1,",",2,0,1,4,",",2,8,9,6,",",L,a,c,y,",", ,E,d,d,i,e,",",R,B,",",g,n,b,",",a,",",s,e,a,",",7,.,5,",",6,5,0,0
1,",",2,0,1,4,",",2,6,2,9,",",C,h,a,r,l,e,s,",", ,J,a,m,a,a,l,",",R,B,",",k,a,n,",",h,",",t,e,n,",",7,.,4,",",9,0,0,0
1,",",2,0,1,4,",",2,7,9,1,",",Y,o,u,n,g,",", ,D,a,r,r,e,l,",",R,B,",",w,a,s,",",a,",",h,o,u,",",7,.,2,",",3,0,0,0
1,",",2,0,1,4,",",2,5,0,0,",",W,i,l,l,i,a,m,s,",", ,D,e,A,n,g,e,l,o,",",R,B,",",c,a,r,",",a,",",t,a,m,",",7,.,2,",",4,3,0,0
1,",",2,0,1,4,",",2,7,0,9,",",G,r,e,e,n,e,",", ,S,h,o,n,n,",",R,B,",",t,e,n,",",a,",",k,a,n,",",7,.,1,",",4,1,0,0
1,",",2,0,1,4,",",2,7,7,7,",",S,t,a,r,k,s,",", ,J,a,m,e,s,",",R,B,",",g,n,b,",",a,",",s,e,a,",",6,.,8,",",3,9,0,0
1,",",2,0,1,4,",",2,6,1,2,",",S,t,e,w,a,r,t,",", ,J,o,n,a,t,h,a,n,",",R,B,",",c,a,r,",",a,",",t,a,m,",",6,.,7,",",3,3,0,0
1,",",2,0,1,4,",",2,7,2,1,",",B,l,o,u,n,t,",", ,L,e,G,a,r,r,e,t,t,e,",",R,B,",",n,w,e,",",a,",",m,i,a,",",6,.,6,",",3,8,0,0
1,",",2,0,1,4,",",2,4,6,7,",",G,o,r,e,",", ,F,r,a,n,k,",",R,B,",",s,f,o,",",a,",",d,a,l,",",6,.,6,",",5,2,0,0
1,",",2,0,1,4,",",2,5,4,9,",",K,u,h,n,",", ,J,o,h,n,",",R,B,",",g,n,b,",",a,",",s,e,a,",",6,.,2,",",3,0,0,0
1,",",2,0,1,4,",",2,4,1,8,",",J,a,c,k,s,o,n,",", ,S,t,e,v,e,n,",",R,B,",",a,t,l,",",h,",",n,o,r,",",6,.,2,",",5,0,0,0
1,",",2,0,1,4,",",2,9,0,2,",",S,t,a,c,y,",", ,Z,a,c,",",R,B,",",s,t,l,",",h,",",m,i,n,",",6,.,1,",",6,4,0,0
1,",",2,0,1,4,",",2,7,3,0,",",D,i,x,o,n,",", ,A,n,t,h,o,n,y,",",R,B,",",b,u,f,",",a,",",c,h,i,",",6,",",3,0,0,0
1,",",2,0,1,4,",",3,9,5,3,",",M,c,C,l,u,s,t,e,r,",", ,D,e,x,t,e,r,",",R,B,",",t,e,n,",",a,",",k,a,n,",",5,.,6,",",3,0,0,0
1,",",2,0,1,4,",",2,5,0,7,",",W,a,s,h,i,n,g,t,o,n,",", ,L,e,o,n,",",R,B,",",t,e,n,",",a,",",k,a,n,",",5,.,4,",",3,0,0,0
1,",",2,0,1,4,",",2,9,3,0,",",F,r,e,e,m,a,n,",", ,D,e,v,o,n,t,a,",",R,B,",",a,t,l,",",h,",",n,o,r,",",5,.,3,",",4,1,0,0
1,",",2,0,1,4,",",2,8,8,0,",",D,u,n,b,a,r,",", ,L,a,n,c,e,",",R,B,",",d,a,l,",",h,",",s,f,o,",",5,.,1,",",4,2,0,0
1,",",2,0,1,4,",",2,8,2,9,",",R,i,d,l,e,y,",", ,S,t,e,v,a,n,",",R,B,",",n,w,e,",",a,",",m,i,a,",",4,.,8,",",4,9,0,0
1,",",2,0,1,4,",",2,7,3,2,",",D,w,y,e,r,",", ,J,o,n,a,t,h,a,n,",",R,B,",",a,r,i,",",h,",",s,d,g,",",4,.,8,",",3,0,0,0
1,",",2,0,1,4,",",2,5,0,2,",",J,o,n,e,s,-,D,r,e,w,",", ,M,a,u,r,i,c,e,",",R,B,",",o,a,k,",",a,",",n,y,j,",",4,.,3,",",4,5,0,0
1,",",2,0,1,4,",",2,7,7,9,",",T,a,t,e,",", ,B,e,n,",",R,B,",",m,i,n,",",a,",",s,t,l,",",4,.,1,",",5,2,0,0
1,",",2,0,1,4,",",2,6,4,7,",",T,o,l,b,e,r,t,",", ,M,i,k,e,",",R,B,",",c,a,r,",",a,",",t,a,m,",",3,.,7,",",3,0,0,0
1,",",2,0,1,4,",",2,6,0,3,",",M,c,F,a,d,d,e,n,",", ,D,a,r,r,e,n,",",R,B,",",o,a,k,",",a,",",n,y,j,",",3,.,1,",",4,1,0,0
1,",",2,0,1,4,",",2,9,2,4,",",A,n,d,e,r,s,o,n,",", ,C,.,J,.,",",R,B,",",d,e,n,",",h,",",i,n,d,",",2,.,7,",",4,0,0,0
1,",",2,0,1,4,",",2,8,6,7,",",T,u,r,b,i,n,",", ,R,o,b,e,r,t,",",R,B,",",s,e,a,",",h,",",g,n,b,",",2,.,7,",",3,0,0,0
1,",",2,0,1,4,",",2,8,5,8,",",M,a,r,t,i,n,",", ,D,o,u,g,",",R,B,",",t,a,m,",",h,",",c,a,r,",",2,.,6,",",6,3,0,0
1,",",2,0,1,4,",",2,9,2,7,",",S,a,n,k,e,y,",", ,B,i,s,h,o,p,",",R,B,",",t,e,n,",",a,",",k,a,n,",",2,.,5,",",5,7,0,0
1,",",2,0,1,4,",",2,8,7,3,",",A,s,i,a,t,a,",", ,M,a,t,t,",",R,B,",",m,i,n,",",a,",",s,t,l,",",2,.,5,",",3,0,0,0
1,",",2,0,1,4,",",2,8,7,4,",",B,o,l,d,e,n,",", ,B,r,a,n,d,o,n,",",R,B,",",n,w,e,",",a,",",m,i,a,",",2,.,2,",",3,0,0,0
1,",",2,0,1,4,",",2,6,8,9,",",W,o,o,d,h,e,a,d,",", ,D,a,n,n,y,",",R,B,",",s,d,g,",",a,",",a,r,i,",",2,.,1,",",3,7,0,0
1,",",2,0,1,4,",",2,6,6,5,",",R,e,e,c,e,",", ,M,a,r,c,e,l,",",R,B,",",o,a,k,",",a,",",n,y,j,",",2,.,1,",",3,0,0,0
1,",",2,0,1,4,",",2,9,0,1,",",R,o,b,i,n,s,o,n,",", ,D,e,n,a,r,d,",",R,B,",",j,a,c,",",a,",",p,h,i,",",2,.,1,",",3,0,0,0
1,",",2,0,1,4,",",2,8,4,0,",",T,o,d,m,a,n,",", ,J,o,r,d,a,n,",",R,B,",",j,a,c,",",a,",",p,h,i,",",2,.,1,",",3,7,0,0
1,",",2,0,1,4,",",2,9,2,8,",",H,i,l,l,",", ,J,e,r,e,m,y,",",R,B,",",c,i,n,",",a,",",b,a,l,",",1,.,9,",",4,4,0,0
1,",",2,0,1,4,",",2,8,8,2,",",H,u,g,h,e,s,",", ,R,o,b,e,r,t,",",R,B,",",a,r,i,",",h,",",s,d,g,",",1,.,7,",",3,0,0,0
1,",",2,0,1,4,",",2,8,9,1,",",D,a,v,i,s,",", ,K,n,i,l,e,",",R,B,",",k,a,n,",",h,",",t,e,n,",",1,.,6,",",4,0,0,0
1,",",2,0,1,4,",",2,8,6,9,",",C,a,d,e,t,",", ,T,r,a,v,a,r,i,s,",",R,B,",",n,o,r,",",a,",",a,t,l,",",1,.,5,",",3,0,0,0
1,",",2,0,1,4,",",2,6,8,3,",",S,u,m,m,e,r,s,",", ,F,r,a,n,k,",",R,B,",",b,u,f,",",a,",",c,h,i,",",1,.,4,",",3,0,0,0
1,",",2,0,1,4,",",2,9,3,4,",",W,i,l,l,i,a,m,s,",", ,A,n,d,r,e,",",R,B,",",n,y,g,",",a,",",d,e,t,",",0,.,9,",",3,7,0,0
1,",",2,0,1,4,",",2,8,0,2,",",H,a,r,r,i,s,",", ,D,u,J,u,a,n,",",R,B,",",g,n,b,",",a,",",s,e,a,",",0,.,7,",",3,0,0,0
1,",",2,0,1,4,",",2,8,5,4,",",G,r,a,y,",", ,C,y,r,u,s,",",R,B,",",k,a,n,",",h,",",t,e,n,",",0,.,5,",",3,0,0,0
1,",",2,0,1,4,",",2,9,7,2,",",C,a,r,e,y,",", ,K,a,',D,e,e,m,",",R,B,",",c,h,i,",",h,",",b,u,f,",",0,.,4,",",3,7,0,0
1,",",2,0,1,4,",",2,8,1,9,",",P,o,w,e,l,l,",", ,B,i,l,a,l,",",R,B,",",n,y,j,",",h,",",o,a,k,",",0,.,4,",",3,0,0,0
1,",",2,0,1,4,",",2,9,0,7,",",R,i,d,d,i,c,k,",", ,T,h,e,o,",",R,B,",",d,e,t,",",h,",",n,y,g,",",0,.,4,",",3,1,0,0
1,",",2,0,1,4,",",2,8,2,2,",",S,h,e,r,m,a,n,",", ,A,n,t,h,o,n,y,",",R,B,",",k,a,n,",",h,",",t,e,n,",",0,.,4,",",3,0,0,0
1,",",2,0,1,4,",",2,8,6,1,",",P,i,e,r,c,e,",", ,B,e,r,n,a,r,d,",",R,B,",",b,a,l,",",h,",",c,i,n,",",0,.,4,",",4,6,0,0
1,",",2,0,1,4,",",2,9,7,3,",",A,g,n,e,w,",", ,R,a,y,",",R,B,",",c,l,e,",",a,",",p,i,t,",",0,.,2,",",0
1,",",2,0,1,4,",",2,8,8,1,",",G,r,i,m,e,s,",", ,J,o,n,a,t,h,a,n,",",R,B,",",h,o,u,",",h,",",w,a,s,",",0,.,2,",",3,0,0,0
1,",",2,0,1,4,",",2,9,3,5,",",M,c,K,i,n,n,o,n,",", ,J,e,r,i,c,k,",",R,B,",",m,i,n,",",a,",",s,t,l,",",0,.,1,",",3,0,0,0
1,",",2,0,1,4,",",2,8,2,5,",",D,e,v,e,l,i,n,",", ,J,a,m,e,s,",",R,B,",",n,w,e,",",a,",",m,i,a,",",0,",",3,0,0,0
1,",",2,0,1,4,",",2,5,3,1,",",O,w,e,n,s,",", ,M,o,n,t,e,l,l,",",R,B,",",c,h,i,",",h,",",b,u,f,",",0,",",3,0,0,0
1,",",2,0,1,4,",",2,8,3,4,",",M,i,l,l,e,r,",", ,B,r,u,c,e,",",R,B,",",s,f,o,",",a,",",d,a,l,",",0,",",3,0,0,0
1,",",2,0,1,4,",",2,9,5,7,",",W,i,l,l,i,a,m,s,",", ,D,a,m,i,e,n,",",R,B,",",m,i,a,",",h,",",n,w,e,",",0,",",3,0,0,0
1,",",2,0,1,4,",",2,8,7,7,",",J,o,h,n,s,o,n,",", ,W,i,l,l,",",R,B,",",p,i,t,",",h,",",c,l,e,",",0,",",3,0,0,0
1,",",2,0,1,4,",",2,8,9,9,",",M,u,r,r,a,y,",", ,L,a,t,a,v,i,u,s,",",R,B,",",o,a,k,",",a,",",n,y,j,",",0,",",3,0,0,0
1,",",2,0,1,4,",",2,9,4,1,",",W,a,t,t,s,",", ,T,r,e,y,",",R,B,",",s,t,l,",",h,",",m,i,n,",",0,",",3,0,0,0
1,",",2,0,1,4,",",2,6,5,4,",",T,a,',u,f,o,',o,u,",", ,W,i,l,l,",",R,B,",",j,a,c,",",a,",",p,h,i,",",0,",",3,0,0,0
1,",",2,0,1,4,",",2,9,1,9,",",R,e,y,n,o,l,d,s,",", ,C,h,a,s,e,",",R,B,",",s,t,l,",",h,",",m,i,n,",",0,",",3,0,0,0
1,",",2,0,1,4,",",2,9,1,0,",",B,o,h,a,n,o,n,",", ,T,o,m,m,y,",",R,B,",",n,y,j,",",h,",",o,a,k,",",0,",",3,0,0,0
1,",",2,0,1,4,",",2,7,5,6,",",M,c,K,n,i,g,h,t,",", ,J,o,e,",",R,B,",",k,a,n,",",h,",",t,e,n,",",0,",",3,0,0,0
1,",",2,0,1,4,",",2,6,2,4,",",F,e,l,t,o,n,",", ,J,e,r,o,m,e,",",R,B,",",m,i,n,",",a,",",s,t,l,",",0,",",3,0,0,0
1,",",2,0,1,4,",",2,6,0,1,",",B,a,t,t,l,e,",", ,J,a,c,k,i,e,",",R,B,",",t,e,n,",",a,",",k,a,n,",",0,",",3,0,0,0
1,",",2,0,1,4,",",2,9,6,5,",",T,h,o,m,p,s,o,n,",", ,J,u,w,a,n,",",R,B,",",d,e,n,",",h,",",i,n,d,",",0,",",3,0,0,0
1,",",2,0,1,4,",",2,9,6,0,",",B,l,u,e,",", ,A,l,f,r,e,d,",",R,B,",",h,o,u,",",h,",",w,a,s,",",0,",",3,0,0,0
1,",",2,0,1,4,",",2,8,5,7,",",J,a,m,e,s,",", ,L,a,M,i,c,h,a,e,l,",",R,B,",",m,i,a,",",h,",",n,w,e,",",0,",",3,0,0,0
1,",",2,0,1,4,",",2,9,0,0,",",R,a,n,d,l,e,",", ,J,o,s,e,p,h,",",R,B,",",d,a,l,",",h,",",s,f,o,",",0,",",3,0,0,0
1,",",2,0,1,4,",",2,8,7,5,",",D,r,a,u,g,h,n,",", ,S,h,a,u,n,",",R,B,",",c,l,e,",",a,",",p,i,t,",",0,",",3,0,0,0
1,",",2,0,1,4,",",2,8,3,7,",",H,y,n,o,s,k,i,",", ,H,e,n,r,y,",",R,B,",",n,y,g,",",a,",",d,e,t,",",0,",",3,0,0,0
1,",",2,0,1,4,",",2,8,0,5,",",D,i,M,a,r,c,o,",", ,P,a,t,r,i,c,k,",",R,B,",",a,t,l,",",h,",",n,o,r,",",0,",",3,0,0,0
1,",",2,0,1,4,",",2,6,9,2,",",P,e,e,r,m,a,n,",", ,C,e,d,r,i,c,",",R,B,",",c,i,n,",",a,",",b,a,l,",",0,",",3,0,0,0
1,",",2,0,1,4,",",2,8,2,4,",",C,l,u,t,t,s,",", ,T,y,l,e,r,",",R,B,",",d,a,l,",",h,",",s,f,o,",",0,",",3,0,0,0
1,",",2,0,1,4,",",2,6,2,0,",",H,i,l,l,i,s,",", ,P,e,y,t,o,n,",",R,B,",",n,y,g,",",a,",",d,e,t,",",0,",",3,0,0,0
1,",",2,0,1,4,",",2,9,0,8,",",J,u,s,z,c,z,y,k,",", ,K,y,l,e,",",R,B,",",b,a,l,",",h,",",c,i,n,",",0,",",3,0,0,0
1,",",2,0,1,4,",",2,9,1,3,",",O,l,a,w,a,l,e,",", ,J,a,m,i,z,e,",",R,B,",",o,a,k,",",a,",",n,y,j,",",0,",",3,0,0,0
1,",",2,0,1,4,",",2,8,9,5,",",J,a,m,e,s,",", ,M,i,k,e,",",R,B,",",t,a,m,",",h,",",c,a,r,",",0,",",3,0,0,0
1,",",2,0,1,4,",",2,7,0,5,",",B,r,o,w,n,",", ,D,o,n,a,l,d,",",R,B,",",s,d,g,",",a,",",a,r,i,",",-,0,.,2,",",3,2,0,0
1,",",2,0,1,4,",",3,6,7,7,",",J,o,h,n,s,o,n,",", ,C,a,l,v,i,n,",",W,R,",",d,e,t,",",h,",",n,y,g,",",3,8,.,4,",",8,8,0,0
1,",",2,0,1,4,",",5,3,4,1,",",H,u,r,n,s,",", ,A,l,l,e,n,",",W,R,",",j,a,c,",",a,",",p,h,i,",",3,0,",",3,0,0,0
1,",",2,0,1,4,",",5,0,9,1,",",G,r,e,e,n,",", ,A,.,J,.,",",W,R,",",c,i,n,",",a,",",b,a,l,",",2,8,.,6,",",7,4,0,0
1,",",2,0,1,4,",",3,3,2,8,",",S,m,i,t,h,",", ,S,t,e,v,e,",",W,R,",",b,a,l,",",h,",",c,i,n,",",2,7,.,8,",",4,0,0,0
1,",",2,0,1,4,",",3,4,7,4,",",B,r,o,w,n,",", ,A,n,t,o,n,i,o,",",W,R,",",p,i,t,",",h,",",c,l,e,",",2,5,.,6,",",7,5,0,0
1,",",2,0,1,4,",",5,2,0,8,",",P,a,t,t,e,r,s,o,n,",", ,C,o,r,d,a,r,r,e,l,l,e,",",W,R,",",m,i,n,",",a,",",s,t,l,",",2,4,.,8,",",5,8,0,0
1,",",2,0,1,4,",",5,2,5,5,",",C,o,o,k,s,",", ,B,r,a,n,d,i,n,",",W,R,",",n,o,r,",",a,",",a,t,l,",",2,2,.,5,",",4,5,0,0
1,",",2,0,1,4,",",5,2,5,7,",",B,e,n,j,a,m,i,n,",", ,K,e,l,v,i,n,",",W,R,",",c,a,r,",",a,",",t,a,m,",",2,1,.,2,",",4,2,0,0
1,",",2,0,1,4,",",5,0,8,9,",",J,o,n,e,s,",", ,J,u,l,i,o,",",W,R,",",a,t,l,",",h,",",n,o,r,",",2,0,.,6,",",7,7,0,0
1,",",2,0,1,4,",",5,1,4,8,",",F,l,o,y,d,",", ,M,i,c,h,a,e,l,",",W,R,",",a,r,i,",",h,",",s,d,g,",",2,0,.,1,",",6,0,0,0
1,",",2,0,1,4,",",3,6,2,7,",",M,a,r,s,h,a,l,l,",", ,B,r,a,n,d,o,n,",",W,R,",",c,h,i,",",h,",",b,u,f,",",2,0,.,1,",",7,6,0,0
1,",",2,0,1,4,",",3,8,0,9,",",W,a,l,l,a,c,e,",", ,M,i,k,e,",",W,R,",",m,i,a,",",h,",",n,w,e,",",2,0,.,1,",",5,6,0,0
1,",",2,0,1,4,",",3,8,3,0,",",M,a,c,l,i,n,",", ,J,e,r,e,m,y,",",W,R,",",p,h,i,",",h,",",j,a,c,",",1,9,.,7,",",5,7,0,0
1,",",2,0,1,4,",",5,2,0,6,",",H,o,p,k,i,n,s,",", ,D,e,A,n,d,r,e,",",W,R,",",h,o,u,",",h,",",w,a,s,",",1,8,.,9,",",4,5,0,0
1,",",2,0,1,4,",",3,3,0,3,",",W,a,y,n,e,",", ,R,e,g,g,i,e,",",W,R,",",i,n,d,",",a,",",d,e,n,",",1,8,.,8,",",5,1,0,0
1,",",2,0,1,4,",",3,5,7,1,",",W,h,i,t,e,",", ,R,o,d,d,y,",",W,R,",",a,t,l,",",h,",",n,o,r,",",1,8,.,2,",",5,9,0,0
1,",",2,0,1,4,",",3,6,0,2,",",C,o,l,s,t,o,n,",", ,M,a,r,q,u,e,s,",",W,R,",",n,o,r,",",a,",",a,t,l,",",1,8,",",5,9,0,0
1,",",2,0,1,4,",",3,4,2,3,",",B,o,l,d,i,n,",", ,A,n,q,u,a,n,",",W,R,",",s,f,o,",",a,",",d,a,l,",",1,7,.,9,",",4,7,0,0
1,",",2,0,1,4,",",5,1,2,5,",",C,o,b,b,",", ,R,a,n,d,a,l,l,",",W,R,",",g,n,b,",",a,",",s,e,a,",",1,7,.,8,",",6,5,0,0
1,",",2,0,1,4,",",3,5,8,7,",",J,e,n,n,i,n,g,s,",", ,G,r,e,g,",",W,R,",",m,i,n,",",a,",",s,t,l,",",1,7,.,8,",",4,5,0,0
1,",",2,0,1,4,",",3,7,5,4,",",G,a,r,c,o,n,",", ,P,i,e,r,r,e,",",W,R,",",w,a,s,",",a,",",h,o,u,",",1,7,.,7,",",6,5,0,0
1,",",2,0,1,4,",",3,8,2,6,",",E,d,e,l,m,a,n,",", ,J,u,l,i,a,n,",",W,R,",",n,w,e,",",a,",",m,i,a,",",1,7,.,6,",",5,3,0,0
1,",",2,0,1,4,",",3,7,5,1,",",N,e,l,s,o,n,",", ,J,o,r,d,y,",",W,R,",",g,n,b,",",a,",",s,e,a,",",1,7,.,3,",",6,8,0,0
1,",",2,0,1,4,",",3,8,0,2,",",H,a,r,v,i,n,",", ,P,e,r,c,y,",",W,R,",",n,y,j,",",h,",",o,a,k,",",1,7,",",5,9,0,0
1,",",2,0,1,4,",",5,1,5,7,",",Q,u,i,c,k,",", ,B,r,i,a,n,",",W,R,",",s,t,l,",",h,",",m,i,n,",",1,6,.,9,",",3,3,0,0
1,",",2,0,1,4,",",5,1,4,0,",",H,a,w,k,i,n,s,",", ,A,n,d,r,e,w,",",W,R,",",c,l,e,",",a,",",p,i,t,",",1,6,.,7,",",4,5,0,0
1,",",2,0,1,4,",",5,1,6,2,",",W,r,i,g,h,t,",", ,K,e,n,d,a,l,l,",",W,R,",",t,e,n,",",a,",",k,a,n,",",1,6,.,6,",",5,7,0,0
1,",",2,0,1,4,",",5,2,1,5,",",W,h,e,a,t,o,n,",", ,M,a,r,k,u,s,",",W,R,",",p,i,t,",",h,",",c,l,e,",",1,5,.,7,",",3,3,0,0
1,",",2,0,1,4,",",3,9,9,5,",",T,a,t,e,",", ,G,o,l,d,e,n,",",W,R,",",d,e,t,",",h,",",n,y,g,",",1,5,.,7,",",5,1,0,0
1,",",2,0,1,4,",",5,1,6,9,",",S,t,r,e,a,t,e,r,",", ,R,o,d,",",W,R,",",o,a,k,",",a,",",n,y,j,",",1,5,.,6,",",3,4,0,0
1,",",2,0,1,4,",",3,7,7,8,",",A,v,e,r,y,",", ,D,o,n,n,i,e,",",W,R,",",k,a,n,",",h,",",t,e,n,",",1,5,.,4,",",3,0,0,0
1,",",2,0,1,4,",",3,4,3,7,",",J,o,h,n,s,o,n,",", ,A,n,d,r,e,",",W,R,",",h,o,u,",",h,",",w,a,s,",",1,5,.,3,",",6,6,0,0
1,",",2,0,1,4,",",3,5,4,7,",",F,l,o,y,d,",", ,M,a,l,c,o,m,",",W,R,",",s,d,g,",",a,",",a,r,i,",",1,5,",",3,3,0,0
1,",",2,0,1,4,",",5,2,1,6,",",W,i,l,l,i,a,m,s,",", ,T,e,r,r,a,n,c,e,",",W,R,",",d,a,l,",",h,",",s,f,o,",",1,5,",",4,6,0,0
1,",",2,0,1,4,",",3,5,9,3,",",H,e,s,t,e,r,",", ,D,e,v,i,n,",",W,R,",",a,t,l,",",h,",",n,o,r,",",1,4,.,9,",",3,4,0,0
1,",",2,0,1,4,",",3,9,8,3,",",S,a,n,d,e,r,s,",", ,E,m,m,a,n,u,e,l,",",W,R,",",d,e,n,",",h,",",i,n,d,",",1,4,.,8,",",4,8,0,0
1,",",2,0,1,4,",",3,8,6,7,",",N,i,c,k,s,",", ,H,a,k,e,e,m,",",W,R,",",i,n,d,",",a,",",d,e,n,",",1,4,.,6,",",4,4,0,0
1,",",2,0,1,4,",",3,7,7,0,",",J,a,c,k,s,o,n,",", ,D,e,S,e,a,n,",",W,R,",",w,a,s,",",a,",",h,o,u,",",1,3,.,3,",",5,4,0,0
1,",",2,0,1,4,",",3,7,3,1,",",D,o,u,g,l,a,s,",", ,H,a,r,r,y,",",W,R,",",a,t,l,",",h,",",n,o,r,",",1,2,.,9,",",3,7,0,0
1,",",2,0,1,4,",",3,9,0,2,",",D,e,c,k,e,r,",", ,E,r,i,c,",",W,R,",",n,y,j,",",h,",",o,a,k,",",1,2,.,4,",",5,2,0,0
1,",",2,0,1,4,",",3,6,7,9,",",J,o,n,e,s,",", ,J,a,m,e,s,",",W,R,",",o,a,k,",",a,",",n,y,j,",",1,2,.,4,",",4,4,0,0
1,",",2,0,1,4,",",5,2,5,6,",",L,e,e,",", ,M,a,r,q,i,s,e,",",W,R,",",j,a,c,",",a,",",p,h,i,",",1,2,.,2,",",3,5,0,0
1,",",2,0,1,4,",",5,1,5,3,",",J,e,f,f,e,r,y,",", ,A,l,s,h,o,n,",",W,R,",",c,h,i,",",h,",",b,u,f,",",1,2,.,1,",",7,1,0,0
1,",",2,0,1,4,",",5,1,4,4,",",L,o,c,k,e,t,t,e,",", ,R,i,c,a,r,d,o,",",W,R,",",s,e,a,",",h,",",g,n,b,",",1,1,.,8,",",3,0,0,0
1,",",2,0,1,4,",",5,2,1,7,",",W,o,o,d,s,",", ,R,o,b,e,r,t,",",W,R,",",b,u,f,",",a,",",c,h,i,",",1,1,.,8,",",4,0,0,0
1,",",2,0,1,4,",",5,1,7,3,",",B,e,n,j,a,m,i,n,",", ,T,r,a,v,i,s,",",W,R,",",c,l,e,",",a,",",p,i,t,",",1,1,",",3,0,0,0
1,",",2,0,1,4,",",5,2,6,4,",",B,r,o,w,n,",", ,J,o,h,n,",",W,R,",",a,r,i,",",h,",",s,d,g,",",1,0,.,9,",",3,0,0,0
1,",",2,0,1,4,",",5,1,5,9,",",S,a,n,u,",", ,M,o,h,a,m,e,d,",",W,R,",",c,i,n,",",a,",",b,a,l,",",1,0,",",3,2,0,0
1,",",2,0,1,4,",",5,1,8,7,",",O,w,u,s,u,",", ,C,h,r,i,s,",",W,R,",",n,y,j,",",h,",",o,a,k,",",1,0,",",3,0,0,0
1,",",2,0,1,4,",",3,5,8,1,",",W,a,s,h,i,n,g,t,o,n,",", ,N,a,t,e,",",W,R,",",t,e,n,",",a,",",k,a,n,",",9,.,9,",",3,0,0,0
1,",",2,0,1,4,",",3,8,9,1,",",B,r,y,a,n,t,",", ,D,e,z,",",W,R,",",d,a,l,",",h,",",s,f,o,",",9,.,5,",",7,8,0,0
1,",",2,0,1,4,",",5,2,0,7,",",H,u,n,t,e,r,",", ,J,u,s,t,i,n,",",W,R,",",t,e,n,",",a,",",k,a,n,",",9,.,3,",",3,8,0,0
1,",",2,0,1,4,",",5,1,5,1,",",H,i,l,t,o,n,",", ,T,.,Y,.,",",W,R,",",i,n,d,",",a,",",d,e,n,",",9,.,1,",",5,5,0,0
1,",",2,0,1,4,",",5,1,1,1,",",K,e,r,l,e,y,",", ,J,e,r,e,m,y,",",W,R,",",n,y,j,",",h,",",o,a,k,",",8,.,8,",",3,1,0,0
1,",",2,0,1,4,",",3,9,9,7,",",T,h,o,m,a,s,",", ,D,e,m,a,r,y,i,u,s,",",W,R,",",d,e,n,",",h,",",i,n,d,",",8,.,8,",",8,1,0,0
1,",",2,0,1,4,",",5,1,9,8,",",A,l,l,e,n,",", ,K,e,e,n,a,n,",",W,R,",",s,d,g,",",a,",",a,r,i,",",8,.,7,",",6,8,0,0
1,",",2,0,1,4,",",5,2,5,3,",",E,v,a,n,s,",", ,M,i,k,e,",",W,R,",",t,a,m,",",h,",",c,a,r,",",8,.,7,",",4,5,0,0
1,",",2,0,1,4,",",5,2,2,5,",",T,h,o,m,p,k,i,n,s,",", ,K,e,n,b,r,e,l,l,",",W,R,",",o,a,k,",",a,",",n,y,j,",",8,.,7,",",3,8,0,0
1,",",2,0,1,4,",",5,1,6,3,",",B,e,a,s,l,e,y,",", ,C,o,l,e,",",W,R,",",d,a,l,",",h,",",s,f,o,",",8,.,2,",",3,0,0,0
1,",",2,0,1,4,",",5,1,1,3,",",S,m,i,t,h,",", ,T,o,r,r,e,y,",",W,R,",",b,a,l,",",h,",",c,i,n,",",8,",",5,4,0,0
1,",",2,0,1,4,",",3,5,5,0,",",J,a,c,k,s,o,n,",", ,V,i,n,c,e,n,t,",",W,R,",",t,a,m,",",h,",",c,a,r,",",7,.,6,",",5,9,0,0
1,",",2,0,1,4,",",5,1,3,0,",",H,a,r,r,i,s,",", ,D,w,a,y,n,e,",",W,R,",",d,a,l,",",h,",",s,f,o,",",7,.,5,",",3,0,0,0
1,",",2,0,1,4,",",3,4,9,7,",",C,o,t,c,h,e,r,y,",", ,J,e,r,r,i,c,h,o,",",W,R,",",c,a,r,",",a,",",t,a,m,",",7,.,2,",",3,6,0,0
1,",",2,0,1,4,",",3,8,9,8,",",C,o,o,p,e,r,",", ,R,i,l,e,y,",",W,R,",",p,h,i,",",h,",",j,a,c,",",6,.,9,",",4,4,0,0
1,",",2,0,1,4,",",5,1,9,9,",",A,u,s,t,i,n,",", ,T,a,v,o,n,",",W,R,",",s,t,l,",",h,",",m,i,n,",",6,.,9,",",4,3,0,0
1,",",2,0,1,4,",",3,8,2,5,",",B,r,o,w,n,",", ,J,u,s,t,i,n,",",W,R,",",p,i,t,",",h,",",c,l,e,",",6,.,8,",",3,0,0,0
1,",",2,0,1,4,",",5,1,9,7,",",B,r,o,w,n,",", ,M,i,k,e,",",W,R,",",j,a,c,",",a,",",p,h,i,",",6,.,6,",",3,0,0,0
1,",",2,0,1,4,",",5,1,2,2,",",J,e,r,n,i,g,a,n,",", ,J,e,r,r,e,l,",",W,R,",",n,y,g,",",a,",",d,e,t,",",6,.,3,",",3,9,0,0
1,",",2,0,1,4,",",5,2,5,2,",",W,a,t,k,i,n,s,",", ,S,a,m,m,y,",",W,R,",",b,u,f,",",a,",",c,h,i,",",6,.,1,",",5,0,0,0
1,",",2,0,1,4,",",3,8,6,0,",",T,a,t,e,",", ,B,r,a,n,d,o,n,",",W,R,",",c,i,n,",",a,",",b,a,l,",",5,.,9,",",3,0,0,0
1,",",2,0,1,4,",",5,2,5,4,",",M,a,t,t,h,e,w,s,",", ,J,o,r,d,a,n,",",W,R,",",p,h,i,",",h,",",j,a,c,",",5,.,7,",",3,8,0,0
1,",",2,0,1,4,",",5,0,7,8,",",W,i,l,l,i,a,m,s,",", ,M,i,k,e,",",W,R,",",b,u,f,",",a,",",c,h,i,",",5,.,6,",",3,4,0,0
1,",",2,0,1,4,",",5,1,7,0,",",G,i,v,e,n,s,",", ,C,h,r,i,s,",",W,R,",",s,t,l,",",h,",",m,i,n,",",5,.,4,",",3,0,0,0
1,",",2,0,1,4,",",3,7,3,7,",",J,o,h,n,s,o,n,",", ,S,t,e,v,e,",",W,R,",",s,f,o,",",a,",",d,a,l,",",5,.,3,",",3,9,0,0
1,",",2,0,1,4,",",3,6,7,0,",",G,i,n,n, ,J,r,.,",", ,T,e,d,",",W,R,",",a,r,i,",",h,",",s,d,g,",",4,.,9,",",3,0,0,0
1,",",2,0,1,4,",",3,8,5,1,",",A,m,e,n,d,o,l,a,",", ,D,a,n,n,y,",",W,R,",",n,w,e,",",a,",",m,i,a,",",4,.,6,",",4,0,0,0
1,",",2,0,1,4,",",3,8,5,8,",",H,a,r,t,l,i,n,e,",", ,B,r,i,a,n,",",W,R,",",m,i,a,",",h,",",n,w,e,",",4,.,6,",",4,5,0,0
1,",",2,0,1,4,",",5,1,8,8,",",W,r,i,g,h,t,",", ,J,a,r,i,u,s,",",W,R,",",m,i,n,",",a,",",s,t,l,",",4,.,5,",",3,0,0,0
1,",",2,0,1,4,",",3,8,7,2,",",C,r,a,b,t,r,e,e,",", ,M,i,c,h,a,e,l,",",W,R,",",s,f,o,",",a,",",d,a,l,",",4,.,5,",",6,1,0,0
1,",",2,0,1,4,",",5,1,3,6,",",B,a,l,d,w,i,n,",", ,D,o,u,g,",",W,R,",",s,e,a,",",h,",",g,n,b,",",4,.,4,",",3,5,0,0
1,",",2,0,1,4,",",3,9,0,0,",",C,r,u,z,",", ,V,i,c,t,o,r,",",W,R,",",n,y,g,",",a,",",d,e,t,",",4,.,4,",",6,3,0,0
1,",",2,0,1,4,",",3,5,8,6,",",H,o,l,m,e,s,",", ,S,a,n,t,o,n,i,o,",",W,R,",",c,h,i,",",h,",",b,u,f,",",4,.,1,",",0
1,",",2,0,1,4,",",3,6,1,0,",",A,u,s,t,i,n,",", ,M,i,l,e,s,",",W,R,",",c,l,e,",",a,",",p,i,t,",",4,",",3,6,0,0
1,",",2,0,1,4,",",5,3,6,4,",",S,t,r,e,e,t,",", ,D,e,v,i,n,",",W,R,",",d,a,l,",",h,",",s,f,o,",",3,.,8,",",0
1,",",2,0,1,4,",",3,7,4,3,",",C,a,l,d,w,e,l,l,",", ,A,n,d,r,e,",",W,R,",",d,e,n,",",h,",",i,n,d,",",3,.,6,",",3,0,0,0
1,",",2,0,1,4,",",3,6,7,8,",",J,o,n,e,s,",", ,J,a,c,o,b,y,",",W,R,",",b,a,l,",",h,",",c,i,n,",",3,.,6,",",3,0,0,0
1,",",2,0,1,4,",",5,3,6,1,",",G,a,b,r,i,e,l,",", ,T,a,y,l,o,r,",",W,R,",",c,l,e,",",a,",",p,i,t,",",3,.,3,",",0
1,",",2,0,1,4,",",3,9,7,8,",",R,o,b,e,r,t,s,",", ,A,n,d,r,e,",",W,R,",",w,a,s,",",a,",",h,o,u,",",3,.,2,",",3,0,0,0
1,",",2,0,1,4,",",3,5,0,1,",",F,i,t,z,g,e,r,a,l,d,",", ,L,a,r,r,y,",",W,R,",",a,r,i,",",h,",",s,d,g,",",3,.,2,",",6,7,0,0
1,",",2,0,1,4,",",5,3,3,7,",",H,a,m,m,o,n,d,",", ,F,r,a,n,k,i,e,",",W,R,",",k,a,n,",",h,",",t,e,n,",",3,.,2,",",3,0,0,0
1,",",2,0,1,4,",",3,7,4,8,",",R,o,y,a,l,",", ,E,d,d,i,e,",",W,R,",",s,d,g,",",a,",",a,r,i,",",2,.,9,",",3,0,0,0
1,",",2,0,1,4,",",5,1,0,9,",",M,o,o,r,e,",", ,D,e,n,a,r,i,u,s,",",W,R,",",o,a,k,",",a,",",n,y,j,",",2,.,8,",",3,3,0,0
1,",",2,0,1,4,",",3,9,6,7,",",N,e,l,s,o,n,",", ,D,a,v,i,d,",",W,R,",",n,y,j,",",h,",",o,a,k,",",2,.,7,",",3,0,0,0
1,",",2,0,1,4,",",5,1,0,0,",",M,a,e,h,l,",", ,J,e,f,f,",",W,R,",",p,h,i,",",h,",",j,a,c,",",2,.,2,",",3,0,0,0
1,",",2,0,1,4,",",5,1,0,6,",",S,a,l,a,s,",", ,G,r,e,g,",",W,R,",",n,y,j,",",h,",",o,a,k,",",2,.,2,",",3,0,0,0
1,",",2,0,1,4,",",5,1,5,8,",",R,a,n,d,l,e,",", ,R,u,e,b,e,n,",",W,R,",",n,y,g,",",a,",",d,e,t,",",2,.,1,",",5,0,0,0
1,",",2,0,1,4,",",5,3,4,4,",",M,o,n,c,r,i,e,f,",", ,D,o,n,t,e,",",W,R,",",i,n,d,",",a,",",d,e,n,",",1,.,9,",",3,9,0,0
1,",",2,0,1,4,",",3,5,8,9,",",H,a,g,a,n,",", ,D,e,r,e,k,",",W,R,",",t,e,n,",",a,",",k,a,n,",",1,.,9,",",3,0,0,0
1,",",2,0,1,4,",",3,7,7,4,",",M,o,r,g,a,n,",", ,J,o,s,h,",",W,R,",",c,h,i,",",h,",",b,u,f,",",1,.,9,",",3,0,0,0
1,",",2,0,1,4,",",3,8,6,2,",",G,i,b,s,o,n,",", ,B,r,a,n,d,o,n,",",W,R,",",m,i,a,",",h,",",n,w,e,",",1,.,9,",",3,3,0,0
1,",",2,0,1,4,",",5,1,8,6,",",K,e,a,r,s,e,",", ,J,e,r,m,a,i,n,e,",",W,R,",",s,e,a,",",h,",",g,n,b,",",1,.,8,",",3,3,0,0
1,",",2,0,1,4,",",3,6,5,4,",",S,p,u,r,l,o,c,k,",", ,M,i,c,h,e,a,l,",",W,R,",",c,h,i,",",h,",",b,u,f,",",1,.,8,",",3,0,0,0
1,",",2,0,1,4,",",5,2,2,9,",",B,r,o,w,n,",", ,J,a,r,o,n,",",W,R,",",a,r,i,",",h,",",s,d,g,",",1,.,6,",",3,0,0,0
1,",",2,0,1,4,",",5,1,7,8,",",J,o,h,n,s,o,n,",", ,D,a,m,a,r,i,s,",",W,R,",",h,o,u,",",h,",",w,a,s,",",1,.,1,",",0
1,",",2,0,1,4,",",3,6,1,1,",",A,v,a,n,t,",", ,J,a,s,o,n,",",W,R,",",k,a,n,",",h,",",t,e,n,",",1,",",3,0,0,0
1,",",2,0,1,4,",",5,2,5,8,",",R,o,b,i,n,s,o,n,",", ,A,l,l,e,n,",",W,R,",",j,a,c,",",a,",",p,h,i,",",1,",",3,2,0,0
1,",",2,0,1,4,",",5,2,7,1,",",A,r,c,h,e,r,",", ,D,r,i,",",W,R,",",p,i,t,",",h,",",c,l,e,",",0,.,4,",",3,0,0,0
1,",",2,0,1,4,",",5,1,7,9,",",M,o,r,g,a,n,",", ,J,o,s,e,p,h,",",W,R,",",n,o,r,",",a,",",a,t,l,",",0,",",3,0,0,0
1,",",2,0,1,4,",",5,3,3,5,",",L,a,n,d,r,y,",", ,J,a,r,v,i,s,",",W,R,",",m,i,a,",",h,",",n,w,e,",",0,",",3,0,0,0
1,",",2,0,1,4,",",5,1,6,7,",",H,o,g,a,n,",", ,C,h,r,i,s,",",W,R,",",b,u,f,",",a,",",c,h,i,",",0,",",3,0,0,0
1,",",2,0,1,4,",",3,8,4,8,",",H,e,y,w,a,r,d,-,B,e,y,",", ,D,a,r,r,i,u,s,",",W,R,",",p,i,t,",",h,",",c,l,e,",",0,",",3,0,0,0
1,",",2,0,1,4,",",3,9,0,6,",",E,a,s,l,e,y,",", ,M,a,r,c,u,s,",",W,R,",",b,u,f,",",a,",",c,h,i,",",0,",",3,0,0,0
1,",",2,0,1,4,",",5,1,8,5,",",B,o,y,k,i,n,",", ,J,a,r,r,e,t,t,",",W,R,",",g,n,b,",",a,",",s,e,a,",",0,",",3,4,0,0
1,",",2,0,1,4,",",3,4,4,4,",",L,l,o,y,d,",", ,B,r,a,n,d,o,n,",",W,R,",",s,f,o,",",a,",",d,a,l,",",0,",",3,0,0,0
1,",",2,0,1,4,",",3,8,2,4,",",B,r,i,t,t,",", ,K,e,n,n,y,",",W,R,",",s,t,l,",",h,",",m,i,n,",",0,",",4,0,0,0
1,",",2,0,1,4,",",5,3,3,9,",",W,i,l,s,o,n,",", ,A,l,b,e,r,t,",",W,R,",",k,a,n,",",h,",",t,e,n,",",0,",",3,0,0,0
1,",",2,0,1,4,",",5,1,9,4,",",R,o,s,s,",", ,J,e,r,e,m,y,",",W,R,",",d,e,t,",",h,",",n,y,g,",",0,",",3,0,0,0
1,",",2,0,1,4,",",5,2,3,4,",",W,h,a,l,e,n,",", ,G,r,i,f,f,",",W,R,",",i,n,d,",",a,",",d,e,n,",",0,",",3,0,0,0
1,",",2,0,1,4,",",3,6,8,1,",",M,e,a,c,h,e,m,",", ,R,o,b,e,r,t,",",W,R,",",n,o,r,",",a,",",a,t,l,",",0,",",3,0,0,0
1,",",2,0,1,4,",",5,1,2,4,",",P,e,t,t,i,s,",", ,A,u,s,t,i,n,",",W,R,",",s,t,l,",",h,",",m,i,n,",",0,",",3,1,0,0
1,",",2,0,1,4,",",3,8,7,7,",",A,j,i,r,o,t,u,t,u,",", ,S,e,y,i,",",W,R,",",s,d,g,",",a,",",a,r,i,",",0,",",3,0,0,0
1,",",2,0,1,4,",",3,5,6,5,",",R,o,b,y,",", ,C,o,u,r,t,n,e,y,",",W,R,",",a,t,l,",",h,",",n,o,r,",",0,",",3,0,0,0
1,",",2,0,1,4,",",5,2,0,5,",",G,o,o,d,w,i,n,",", ,M,a,r,q,u,i,s,e,",",W,R,",",b,u,f,",",a,",",c,h,i,",",0,",",3,0,0,0
1,",",2,0,1,4,",",3,9,4,6,",",L,a,F,e,l,l,",", ,B,r,a,n,d,o,n,",",W,R,",",n,w,e,",",a,",",m,i,a,",",0,",",3,2,0,0
1,",",2,0,1,4,",",5,1,8,2,",",M,a,t,t,h,e,w,s,",", ,R,i,s,h,a,r,d,",",W,R,",",m,i,a,",",h,",",n,w,e,",",0,",",3,0,0,0
1,",",2,0,1,4,",",5,2,3,0,",",H,e,m,i,n,g,w,a,y,",", ,J,u,n,i,o,r,",",W,R,",",k,a,n,",",h,",",t,e,n,",",0,",",3,0,0,0
1,",",2,0,1,4,",",5,2,0,3,",",F,u,l,l,e,r,",", ,C,o,r,e,y,",",W,R,",",d,e,t,",",h,",",n,y,g,",",0,",",3,0,0,0
1,",",2,0,1,4,",",5,3,0,2,",",P,a,t,t,o,n,",", ,S,o,l,o,m,o,n,",",W,R,",",t,a,m,",",h,",",c,a,r,",",0,",",3,0,0,0
1,",",2,0,1,4,",",5,2,6,8,",",L,a,t,i,m,e,r,",", ,C,o,d,y,",",W,R,",",d,e,n,",",h,",",i,n,d,",",0,",",3,0,0,0
1,",",2,0,1,4,",",1,2,6,1,",",S,m,i,t,h,",", ,B,r,a,d,",",W,R,",",p,h,i,",",h,",",j,a,c,",",0,",",3,0,0,0
1,",",2,0,1,4,",",5,1,5,5,",",M,a,r,t,i,n,",", ,K,e,s,h,a,w,n,",",W,R,",",h,o,u,",",h,",",w,a,s,",",0,",",3,0,0,0
1,",",2,0,1,4,",",5,2,6,3,",",A,d,a,m,s,",", ,D,a,v,a,n,t,e,",",W,R,",",g,n,b,",",a,",",s,e,a,",",0,",",3,0,0,0
1,",",2,0,1,4,",",5,1,7,7,",",H,o,l,m,e,s,",", ,A,n,d,r,e,",",W,R,",",o,a,k,",",a,",",n,y,j,",",0,",",3,3,0,0
1,",",2,0,1,4,",",5,2,4,9,",",H,a,k,i,m,",", ,S,a,a,l,i,m,",",W,R,",",n,y,j,",",h,",",o,a,k,",",0,",",3,0,0,0
1,",",2,0,1,4,",",2,5,8,0,",",G,r,a,n,t,",", ,R,y,a,n,",",W,R,",",w,a,s,",",a,",",h,o,u,",",0,",",3,0,0,0
1,",",2,0,1,4,",",5,0,7,0,",",W,a,l,t,e,r,s,",", ,B,r,y,a,n,",",W,R,",",s,e,a,",",h,",",g,n,b,",",0,",",3,0,0,0
1,",",2,0,1,4,",",5,2,4,5,",",S,m,i,t,h,",", ,R,o,d,n,e,y,",",W,R,",",c,l,e,",",a,",",p,i,t,",",0,",",3,0,0,0
1,",",2,0,1,4,",",5,2,6,0,",",R,i,c,h,a,r,d,s,o,n,",", ,P,a,u,l,",",W,R,",",s,e,a,",",h,",",g,n,b,",",0,",",3,0,0,0
1,",",2,0,1,4,",",5,3,2,2,",",S,a,u,n,d,e,r,s,",", ,J,a,l,e,n,",",W,R,",",n,o,r,",",a,",",a,t,l,",",0,",",3,0,0,0
1,",",2,0,1,4,",",5,2,2,6,",",B,r,o,w,n,",", ,M,a,r,l,o,n,",",W,R,",",b,a,l,",",h,",",c,i,n,",",0,",",3,0,0,0
1,",",2,0,1,4,",",3,7,6,0,",",S,l,a,t,e,r,",", ,M,a,t,t,h,e,w,",",W,R,",",n,w,e,",",a,",",m,i,a,",",0,",",3,0,0,0
1,",",2,0,1,4,",",5,1,3,7,",",S,a,n,z,e,n,b,a,c,h,e,r,",", ,D,a,n,e,",",W,R,",",c,i,n,",",a,",",b,a,l,",",0,",",3,0,0,0
1,",",2,0,1,4,",",5,1,5,4,",",J,e,n,k,i,n,s,",", ,A,.,J,.,",",W,R,",",k,a,n,",",h,",",t,e,n,",",0,",",3,0,0,0
1,",",2,0,1,4,",",5,1,3,4,",",R,o,b,i,n,s,o,n,",", ,A,l,d,r,i,c,k,",",W,R,",",b,a,l,",",h,",",c,i,n,",",0,",",3,0,0,0
1,",",2,0,1,4,",",5,3,3,3,",",T,h,i,e,l,e,n,",", ,A,d,a,m,",",W,R,",",m,i,n,",",a,",",s,t,l,",",0,",",3,0,0,0
1,",",2,0,1,4,",",5,2,5,9,",",H,e,r,r,o,n,",", ,R,o,b,e,r,t,",",W,R,",",t,a,m,",",h,",",c,a,r,",",0,",",3,0,0,0
1,",",2,0,1,4,",",5,2,7,2,",",W,a,s,h,i,n,g,t,o,n,",", ,C,o,r,e,y,",",W,R,",",n,y,g,",",a,",",d,e,t,",",0,",",3,0,0,0
1,",",2,0,1,4,",",5,2,6,5,",",E,l,l,i,n,g,t,o,n,",", ,B,r,u,c,e,",",W,R,",",s,f,o,",",a,",",d,a,l,",",0,",",3,0,0,0
1,",",2,0,1,4,",",5,2,2,3,",",S,h,e,p,a,r,d,",", ,R,u,s,s,e,l,l,",",W,R,",",t,a,m,",",h,",",c,a,r,",",0,",",3,0,0,0
1,",",2,0,1,4,",",4,5,3,4,",",T,h,o,m,a,s,",", ,J,u,l,i,u,s,",",T,E,",",d,e,n,",",h,",",i,n,d,",",3,8,.,4,",",5,8,0,0
1,",",2,0,1,4,",",4,3,6,8,",",O,l,s,e,n,",", ,G,r,e,g,",",T,E,",",c,a,r,",",a,",",t,a,m,",",2,2,.,3,",",4,7,0,0
1,",",2,0,1,4,",",4,4,0,7,",",B,e,n,n,e,t,t,",", ,M,a,r,t,e,l,l,u,s,",",T,E,",",c,h,i,",",h,",",b,u,f,",",2,1,",",3,8,0,0
1,",",2,0,1,4,",",4,3,2,3,",",D,a,v,i,s,",", ,V,e,r,n,o,n,",",T,E,",",s,f,o,",",a,",",d,a,l,",",2,0,.,4,",",4,8,0,0
1,",",2,0,1,4,",",4,5,1,6,",",P,i,t,t,a,",", ,D,e,n,n,i,s,",",T,E,",",b,a,l,",",h,",",c,i,n,",",1,8,.,3,",",4,4,0,0
1,",",2,0,1,4,",",4,5,6,9,",",E,r,t,z,",", ,Z,a,c,h,",",T,E,",",p,h,i,",",h,",",j,a,c,",",1,6,.,7,",",4,1,0,0
1,",",2,0,1,4,",",4,5,8,5,",",D,o,n,n,e,l,l,",", ,L,a,r,r,y,",",T,E,",",n,y,g,",",a,",",d,e,t,",",1,6,.,6,",",3,0,0,0
1,",",2,0,1,4,",",4,5,5,1,",",A,l,l,e,n,",", ,D,w,a,y,n,e,",",T,E,",",i,n,d,",",a,",",d,e,n,",",1,6,.,4,",",3,3,0,0
1,",",2,0,1,4,",",4,4,9,2,",",G,r,a,h,a,m,",", ,J,i,m,m,y,",",T,E,",",n,o,r,",",a,",",a,t,l,",",1,6,.,2,",",7,2,0,0
1,",",2,0,1,4,",",4,2,7,0,",",G,a,t,e,s,",", ,A,n,t,o,n,i,o,",",T,E,",",s,d,g,",",a,",",a,r,i,",",1,4,.,1,",",3,4,0,0
1,",",2,0,1,4,",",4,4,9,4,",",G,r,o,n,k,o,w,s,k,i,",", ,R,o,b,",",T,E,",",n,w,e,",",a,",",m,i,a,",",1,4,",",6,7,0,0
1,",",2,0,1,4,",",4,3,6,0,",",W,a,l,k,e,r,",", ,D,e,l,a,n,i,e,",",T,E,",",t,e,n,",",a,",",k,a,n,",",1,2,.,7,",",3,3,0,0
1,",",2,0,1,4,",",4,3,2,7,",",F,a,s,a,n,o,",", ,A,n,t,h,o,n,y,",",T,E,",",k,a,n,",",h,",",t,e,n,",",1,1,.,9,",",3,1,0,0
1,",",2,0,1,4,",",5,1,1,0,",",P,a,u,l,",", ,N,i,l,e,s,",",T,E,",",w,a,s,",",a,",",h,o,u,",",1,1,.,6,",",3,0,0,0
1,",",2,0,1,4,",",4,5,7,7,",",T,o,i,l,o,l,o,",", ,L,e,v,i,n,e,",",T,E,",",a,t,l,",",h,",",n,o,r,",",1,0,.,9,",",3,0,0,0
1,",",2,0,1,4,",",4,4,5,7,",",M,y,e,r,s,",", ,B,r,a,n,d,o,n,",",T,E,",",t,a,m,",",h,",",c,a,r,",",1,0,.,1,",",3,1,0,0
1,",",2,0,1,4,",",4,5,3,7,",",R,u,d,o,l,p,h,",", ,K,y,l,e,",",T,E,",",m,i,n,",",a,",",s,t,l,",",9,.,6,",",4,3,0,0
1,",",2,0,1,4,",",4,4,3,7,",",C,o,o,k,",", ,J,a,r,e,d,",",T,E,",",s,t,l,",",h,",",m,i,n,",",9,.,6,",",3,5,0,0
1,",",2,0,1,4,",",4,3,2,4,",",L,e,w,i,s,",", ,M,a,r,c,e,d,e,s,",",T,E,",",j,a,c,",",a,",",p,h,i,",",9,.,5,",",3,5,0,0
1,",",2,0,1,4,",",4,4,8,1,",",C,u,m,b,e,r,l,a,n,d,",", ,J,e,f,f,",",T,E,",",n,y,j,",",h,",",o,a,k,",",9,",",3,3,0,0
1,",",2,0,1,4,",",4,5,8,2,",",K,e,l,c,e,",", ,T,r,a,v,i,s,",",T,E,",",k,a,n,",",h,",",t,e,n,",",7,.,9,",",3,2,0,0
1,",",2,0,1,4,",",4,3,3,5,",",D,a,n,i,e,l,s,",", ,O,w,e,n,",",T,E,",",b,a,l,",",h,",",c,i,n,",",7,.,4,",",3,5,0,0
1,",",2,0,1,4,",",4,3,6,7,",",M,i,l,l,e,r,",", ,Z,a,c,h,",",T,E,",",s,e,a,",",h,",",g,n,b,",",7,.,2,",",3,1,0,0
1,",",2,0,1,4,",",4,5,3,3,",",C,a,m,e,r,o,n,",", ,J,o,r,d,a,n,",",T,E,",",c,l,e,",",a,",",p,i,t,",",6,.,7,",",5,0,0,0
1,",",2,0,1,4,",",4,5,6,8,",",E,i,f,e,r,t,",", ,T,y,l,e,r,",",T,E,",",c,i,n,",",a,",",b,a,l,",",6,.,7,",",3,6,0,0
1,",",2,0,1,4,",",4,5,7,4,",",R,i,v,e,r,a,",", ,M,y,c,h,a,l,",",T,E,",",o,a,k,",",a,",",n,y,j,",",6,.,1,",",3,4,0,0
1,",",2,0,1,4,",",4,5,8,4,",",F,a,u,r,i,a,",", ,J,o,s,e,p,h,",",T,E,",",d,e,t,",",h,",",n,y,g,",",5,.,6,",",3,2,0,0
1,",",2,0,1,4,",",4,3,1,1,",",M,i,l,l,e,r,",", ,H,e,a,t,h,",",T,E,",",p,i,t,",",h,",",c,l,e,",",5,.,6,",",4,0,0,0
1,",",2,0,1,4,",",4,5,1,8,",",Q,u,a,r,l,e,s,s,",", ,A,n,d,r,e,w,",",T,E,",",g,n,b,",",a,",",s,e,a,",",5,.,6,",",3,0,0,0
1,",",2,0,1,4,",",4,5,5,2,",",F,l,e,e,n,e,r,",", ,C,o,b,y,",",T,E,",",i,n,d,",",a,",",d,e,n,",",5,.,1,",",3,7,0,0
1,",",2,0,1,4,",",4,4,8,4,",",D,r,a,y,",", ,J,i,m,",",T,E,",",c,l,e,",",a,",",p,i,t,",",5,",",3,0,0,0
1,",",2,0,1,4,",",4,5,4,3,",",C,l,a,y,",", ,C,h,a,r,l,e,s,",",T,E,",",m,i,a,",",h,",",n,w,e,",",4,.,7,",",3,9,0,0
1,",",2,0,1,4,",",4,5,9,1,",",W,r,i,g,h,t,",", ,T,i,m,",",T,E,",",n,w,e,",",a,",",m,i,a,",",4,.,5,",",0
1,",",2,0,1,4,",",4,3,6,3,",",C,e,l,e,k,",", ,B,r,e,n,t,",",T,E,",",p,h,i,",",h,",",j,a,c,",",4,.,5,",",3,5,0,0
1,",",2,0,1,4,",",4,5,6,0,",",T,h,o,m,p,s,o,n,",", ,T,a,y,l,o,r,",",T,E,",",t,e,n,",",a,",",k,a,n,",",4,.,4,",",3,0,0,0
1,",",2,0,1,4,",",4,5,6,2,",",G,r,e,e,n,",", ,L,a,d,a,r,i,u,s,",",T,E,",",s,d,g,",",a,",",a,r,i,",",4,.,4,",",3,2,0,0
1,",",2,0,1,4,",",4,6,0,2,",",S,e,f,e,r,i,a,n,-,J,e,n,k,i,n,s,",", ,A,u,s,t,i,n,",",T,E,",",t,a,m,",",h,",",c,a,r,",",3,.,6,",",3,3,0,0
1,",",2,0,1,4,",",4,4,9,3,",",G,r,e,s,h,a,m,",", ,J,e,r,m,a,i,n,e,",",T,E,",",c,i,n,",",a,",",b,a,l,",",3,.,6,",",3,4,0,0
1,",",2,0,1,4,",",4,2,6,2,",",W,i,t,t,e,n,",", ,J,a,s,o,n,",",T,E,",",d,a,l,",",h,",",s,f,o,",",3,.,4,",",4,5,0,0
1,",",2,0,1,4,",",4,5,5,4,",",E,l,l,i,s,o,n,",", ,R,h,e,t,t,",",T,E,",",m,i,n,",",a,",",s,t,l,",",3,.,2,",",3,0,0,0
1,",",2,0,1,4,",",4,5,3,8,",",K,e,n,d,r,i,c,k,s,",", ,L,a,n,c,e,",",T,E,",",s,t,l,",",h,",",m,i,n,",",3,.,2,",",3,1,0,0
1,",",2,0,1,4,",",4,4,2,2,",",C,a,r,l,s,o,n,",", ,J,o,h,n,",",T,E,",",a,r,i,",",h,",",s,d,g,",",3,",",3,0,0,0
1,",",2,0,1,4,",",4,6,0,3,",",A,m,a,r,o,",", ,J,a,c,e,",",T,E,",",n,y,j,",",h,",",o,a,k,",",2,.,7,",",3,2,0,0
1,",",2,0,1,4,",",4,5,3,9,",",H,o,u,s,l,e,r,",", ,R,o,b,",",T,E,",",a,r,i,",",h,",",s,d,g,",",2,.,6,",",3,2,0,0
1,",",2,0,1,4,",",4,4,0,1,",",B,a,r,n,i,d,g,e,",", ,G,a,r,y,",",T,E,",",c,l,e,",",a,",",p,i,t,",",2,.,3,",",3,0,0,0
1,",",2,0,1,4,",",4,3,7,0,",",R,o,s,a,r,i,o,",", ,D,a,n,t,e,",",T,E,",",c,h,i,",",h,",",b,u,f,",",2,.,2,",",3,0,0,0
1,",",2,0,1,4,",",4,6,3,9,",",L,e,o,n,h,a,r,d,t,",", ,B,r,i,a,n,",",T,E,",",o,a,k,",",a,",",n,y,j,",",2,.,2,",",3,0,0,0
1,",",2,0,1,4,",",4,5,1,3,",",P,a,u,l,s,e,n,",", ,L,o,g,a,n,",",T,E,",",w,a,s,",",a,",",h,o,u,",",2,",",3,0,0,0
1,",",2,0,1,4,",",4,5,7,6,",",S,i,m,s,",", ,D,i,o,n,",",T,E,",",m,i,a,",",h,",",n,w,e,",",1,.,9,",",3,0,0,0
1,",",2,0,1,4,",",4,4,6,2,",",P,e,t,t,i,g,r,e,w,",", ,B,r,a,n,d,o,n,",",T,E,",",d,e,t,",",h,",",n,y,g,",",1,.,9,",",3,2,0,0
1,",",2,0,1,4,",",4,5,4,2,",",G,r,e,e,n,",", ,V,i,r,g,i,l,",",T,E,",",d,e,n,",",h,",",i,n,d,",",1,.,8,",",3,0,0,0
1,",",2,0,1,4,",",4,5,3,2,",",S,t,o,c,k,e,r,",", ,L,u,k,e,",",T,E,",",t,a,m,",",h,",",c,a,r,",",1,.,8,",",3,0,0,0
1,",",2,0,1,4,",",4,6,4,1,",",H,o,s,k,i,n,s,",", ,G,a,t,o,r,",",T,E,",",s,e,a,",",h,",",g,n,b,",",1,.,7,","
1,",",2,0,1,4,",",4,3,3,7,",",F,e,l,l,s,",", ,D,a,n,i,e,l,",",T,E,",",n,y,g,",",a,",",d,e,t,",",1,.,7,",",3,0,0,0
1,",",2,0,1,4,",",4,5,9,2,",",G,r,i,f,f,i,n,",", ,R,y,a,n,",",T,E,",",h,o,u,",",h,",",w,a,s,",",1,.,6,",",3,0,0,0
1,",",2,0,1,4,",",4,5,7,3,",",R,e,e,d,",", ,J,o,r,d,a,n,",",T,E,",",w,a,s,",",a,",",h,o,u,",",1,.,4,",",4,6,0,0
1,",",2,0,1,4,",",4,5,6,5,",",H,a,r,k,e,y,",", ,C,o,r,y,",",T,E,",",s,t,l,",",h,",",m,i,n,",",1,.,4,",",3,0,0,0
1,",",2,0,1,4,",",4,5,7,8,",",W,i,l,l,s,o,n,",", ,L,u,k,e,",",T,E,",",s,e,a,",",h,",",g,n,b,",",1,.,1,",",3,0,0,0
1,",",2,0,1,4,",",4,2,9,2,",",W,a,t,s,o,n,",", ,B,e,n,",",T,E,",",n,o,r,",",a,",",a,t,l,",",1,",",3,2,0,0
1,",",2,0,1,4,",",4,3,9,1,",",H,a,r,r,i,s,",", ,C,l,a,r,k,",",T,E,",",c,i,n,",",a,",",b,a,l,",",0,",",3,0,0,0
1,",",2,0,1,4,",",4,6,1,8,",",B,u,r,t,o,n,",", ,T,r,e,y,",",T,E,",",p,h,i,",",h,",",j,a,c,",",0,",",3,0,0,0
1,",",2,0,1,4,",",4,4,3,9,",",C,a,s,e,y,",", ,J,a,m,e,s,",",T,E,",",p,h,i,",",h,",",j,a,c,",",0,",",3,0,0,0
1,",",2,0,1,4,",",4,6,2,9,",",R,o,d,g,e,r,s,",", ,R,i,c,h,a,r,d,",",T,E,",",g,n,b,",",a,",",s,e,a,",",0,",",3,0,0,0
1,",",2,0,1,4,",",4,5,9,4,",",D,o,y,l,e,",", ,J,a,c,k,",",T,E,",",i,n,d,",",a,",",d,e,n,",",0,",",3,0,0,0
1,",",2,0,1,4,",",4,6,0,5,",",N,i,k,l,a,s,",", ,T,r,o,y,",",T,E,",",a,r,i,",",h,",",s,d,g,",",0,",",3,2,0,0
1,",",2,0,1,4,",",2,8,3,8,",",T,a,y,l,o,r,",", ,R,y,a,n,",",T,E,",",c,l,e,",",a,",",p,i,t,",",0,",",3,0,0,0
1,",",2,0,1,4,",",4,4,7,5,",",B,r,o,c,k,e,l,",", ,R,i,c,h,i,e,",",T,E,",",c,a,r,",",a,",",t,a,m,",",0,",",3,0,0,0
1,",",2,0,1,4,",",4,5,9,9,",",C,a,r,r,i,e,r,",", ,D,e,r,e,k,",",T,E,",",s,f,o,",",a,",",d,a,l,",",0,",",3,0,0,0
1,",",2,0,1,4,",",4,4,3,3,",",P,h,i,l,l,i,p,s,",", ,J,o,h,n,",",T,E,",",s,d,g,",",a,",",a,r,i,",",0,",",3,0,0,0
1,",",2,0,1,4,",",4,6,0,1,",",E,b,r,o,n,",", ,E,r,i,c,",",T,E,",",d,e,t,",",h,",",n,y,g,",",0,",",3,3,0,0
1,",",2,0,1,4,",",4,5,7,0,",",E,s,c,o,b,a,r,",", ,G,a,v,i,n,",",T,E,",",d,a,l,",",h,",",s,f,o,",",0,",",3,2,0,0
1,",",2,0,1,4,",",5,0,9,8,",",A,u,s,b,e,r,r,y,",", ,D,a,v,i,d,",",T,E,",",o,a,k,",",a,",",n,y,j,",",0,",",3,0,0,0
1,",",2,0,1,4,",",4,6,3,6,",",G,i,l,l,m,o,r,e,",", ,C,r,o,c,k,e,t,t,",",T,E,",",b,a,l,",",h,",",c,i,n,",",0,",",3,0,0,0
1,",",2,0,1,4,",",4,5,8,3,",",S,u,d,f,e,l,d,",", ,Z,a,c,h,",",T,E,",",n,y,j,",",h,",",o,a,k,",",0,",",3,1,0,0
1,",",2,0,1,4,",",4,4,8,2,",",D,i,c,k,s,o,n,",", ,E,d,",",T,E,",",c,a,r,",",a,",",t,a,m,",",0,",",3,2,0,0
1,",",2,0,1,4,",",4,3,1,4,",",S,m,i,t,h,",", ,A,l,e,x,",",T,E,",",c,i,n,",",a,",",b,a,l,",",0,",",3,0,0,0
1,",",2,0,1,4,",",4,4,1,1,",",T,a,m,m,e,",", ,J,a,c,o,b,",",T,E,",",d,e,n,",",h,",",i,n,d,",",0,",",3,0,0,0
1,",",2,0,1,4,",",4,4,9,9,",",H,o,o,m,a,n,a,w,a,n,u,i,",", ,M,i,c,h,a,e,l,",",T,E,",",n,w,e,",",a,",",m,i,a,",",0,",",3,1,0,0
1,",",2,0,1,4,",",4,5,7,1,",",G,r,a,g,g,",", ,C,h,r,i,s,",",T,E,",",b,u,f,",",a,",",c,h,i,",",0,",",3,0,0,0
1,",",2,0,1,4,",",4,5,8,6,",",H,i,l,l,",", ,J,o,s,h,",",T,E,",",n,o,r,",",a,",",a,t,l,",",0,",",3,0,0,0
1,",",2,0,1,4,",",4,3,7,6,",",C,h,a,n,d,l,e,r,",", ,S,c,o,t,t,",",T,E,",",b,u,f,",",a,",",c,h,i,",",0,",",3,5,0,0
1,",",2,0,1,4,",",4,5,7,5,",",R,o,b,i,n,s,o,n,",", ,A,d,r,i,e,n,",",T,E,",",n,y,g,",",a,",",d,e,t,",",0,",",3,2,0,0
1,",",2,0,1,4,",",4,5,7,2,",",M,c,D,o,n,a,l,d,",", ,V,a,n,c,e,",",T,E,",",s,f,o,",",a,",",d,a,l,",",0,",",3,1,0,0
1,",",2,0,1,4,",",4,4,2,4,",",S,t,e,v,e,n,s,",", ,C,r,a,i,g,",",T,E,",",t,e,n,",",a,",",k,a,n,",",0,",",3,0,0,0
1,",",2,0,1,4,",",4,5,5,3,",",H,a,n,n,a,",", ,J,a,m,e,s,",",T,E,",",d,a,l,",",h,",",s,f,o,",",0,",",3,0,0,0
1,",",2,0,1,4,",",7,0,3,2,",",H,o,u,s,t,o,n, ,D,e,f,e,n,s,e,",",D,e,f,",",h,o,u,",",h,",",w,a,s,",",2,4,",",3,1,0,0
1,",",2,0,1,4,",",7,0,1,7,",",M,i,n,n,e,s,o,t,a, ,D,e,f,e,n,s,e,",",D,e,f,",",m,i,n,",",a,",",s,t,l,",",2,2,",",2,7,0,0
1,",",2,0,1,4,",",7,0,2,7,",",S,a,n, ,F,r,a,n,c,i,s,c,o, ,D,e,f,e,n,s,e,",",D,e,f,",",s,f,o,",",a,",",d,a,l,",",1,8,",",3,7,0,0
1,",",2,0,1,4,",",7,0,2,3,",",P,h,i,l,a,d,e,l,p,h,i,a, ,D,e,f,e,n,s,e,",",D,e,f,",",p,h,i,",",h,",",j,a,c,",",1,4,",",3,2,0,0
1,",",2,0,1,4,",",7,0,3,0,",",T,e,n,n,e,s,s,e,e, ,D,e,f,e,n,s,e,",",D,e,f,",",t,e,n,",",a,",",k,a,n,",",1,4,",",3,0,0,0
1,",",2,0,1,4,",",7,0,1,4,",",J,a,c,k,s,o,n,v,i,l,l,e, ,D,e,f,e,n,s,e,",",D,e,f,",",j,a,c,",",a,",",p,h,i,",",1,1,",",1,5,0,0
1,",",2,0,1,4,",",7,0,1,6,",",M,i,a,m,i, ,D,e,f,e,n,s,e,",",D,e,f,",",m,i,a,",",h,",",n,w,e,",",1,1,",",3,0,0,0
1,",",2,0,1,4,",",7,0,0,5,",",C,a,r,o,l,i,n,a, ,D,e,f,e,n,s,e,",",D,e,f,",",c,a,r,",",a,",",t,a,m,",",1,0,",",3,3,0,0
1,",",2,0,1,4,",",7,0,0,4,",",B,u,f,f,a,l,o, ,D,e,f,e,n,s,e,",",D,e,f,",",b,u,f,",",a,",",c,h,i,",",9,",",3,1,0,0
1,",",2,0,1,4,",",7,0,2,6,",",S,a,n, ,D,i,e,g,o, ,D,e,f,e,n,s,e,",",D,e,f,",",s,d,g,",",a,",",a,r,i,",",9,",",3,0,0,0
1,",",2,0,1,4,",",7,0,0,7,",",C,i,n,c,i,n,n,a,t,i, ,D,e,f,e,n,s,e,",",D,e,f,",",c,i,n,",",a,",",b,a,l,",",8,",",3,2,0,0
1,",",2,0,1,4,",",7,0,2,8,",",S,e,a,t,t,l,e, ,D,e,f,e,n,s,e,",",D,e,f,",",s,e,a,",",h,",",g,n,b,",",8,",",4,4,0,0
1,",",2,0,1,4,",",7,0,1,0,",",D,e,n,v,e,r, ,D,e,f,e,n,s,e,",",D,e,f,",",d,e,n,",",h,",",i,n,d,",",7,",",3,1,0,0
1,",",2,0,1,4,",",7,0,2,2,",",O,a,k,l,a,n,d, ,D,e,f,e,n,s,e,",",D,e,f,",",o,a,k,",",a,",",n,y,j,",",7,",",3,0,0,0
1,",",2,0,1,4,",",7,0,1,1,",",D,e,t,r,o,i,t, ,D,e,f,e,n,s,e,",",D,e,f,",",d,e,t,",",h,",",n,y,g,",",7,",",3,3,0,0
1,",",2,0,1,4,",",7,0,3,1,",",W,a,s,h,i,n,g,t,o,n, ,D,e,f,e,n,s,e,",",D,e,f,",",w,a,s,",",a,",",h,o,u,",",7,",",2,9,0,0
1,",",2,0,1,4,",",7,0,1,8,",",N,e,w, ,E,n,g,l,a,n,d, ,D,e,f,e,n,s,e,",",D,e,f,",",n,w,e,",",a,",",m,i,a,",",6,",",3,6,0,0
1,",",2,0,1,4,",",7,0,0,8,",",C,l,e,v,e,l,a,n,d, ,D,e,f,e,n,s,e,",",D,e,f,",",c,l,e,",",a,",",p,i,t,",",5,",",2,8,0,0
1,",",2,0,1,4,",",7,0,1,5,",",K,a,n,s,a,s, ,C,i,t,y, ,D,e,f,e,n,s,e,",",D,e,f,",",k,a,n,",",h,",",t,e,n,",",4,",",4,0,0,0
1,",",2,0,1,4,",",7,0,2,1,",",N,e,w, ,Y,o,r,k, ,J, ,D,e,f,e,n,s,e,",",D,e,f,",",n,y,j,",",h,",",o,a,k,",",3,",",3,9,0,0
1,",",2,0,1,4,",",7,0,0,2,",",A,t,l,a,n,t,a, ,D,e,f,e,n,s,e,",",D,e,f,",",a,t,l,",",h,",",n,o,r,",",3,",",2,9,0,0
1,",",2,0,1,4,",",7,0,0,6,",",C,h,i,c,a,g,o, ,D,e,f,e,n,s,e,",",D,e,f,",",c,h,i,",",h,",",b,u,f,",",3,",",3,5,0,0
1,",",2,0,1,4,",",7,0,0,1,",",A,r,i,z,o,n,a, ,D,e,f,e,n,s,e,",",D,e,f,",",a,r,i,",",h,",",s,d,g,",",3,",",3,1,0,0
1,",",2,0,1,4,",",7,0,2,4,",",P,i,t,t,s,b,u,r,g,h, ,D,e,f,e,n,s,e,",",D,e,f,",",p,i,t,",",h,",",c,l,e,",",3,",",3,9,0,0
1,",",2,0,1,4,",",7,0,2,9,",",T,a,m,p,a, ,B,a,y, ,D,e,f,e,n,s,e,",",D,e,f,",",t,a,m,",",h,",",c,a,r,",",2,",",3,1,0,0
1,",",2,0,1,4,",",7,0,1,2,",",G,r,e,e,n, ,B,a,y, ,D,e,f,e,n,s,e,",",D,e,f,",",g,n,b,",",a,",",s,e,a,",",2,",",3,5,0,0
1,",",2,0,1,4,",",7,0,0,3,",",B,a,l,t,i,m,o,r,e, ,D,e,f,e,n,s,e,",",D,e,f,",",b,a,l,",",h,",",c,i,n,",",2,",",3,8,0,0
1,",",2,0,1,4,",",7,0,0,9,",",D,a,l,l,a,s, ,D,e,f,e,n,s,e,",",D,e,f,",",d,a,l,",",h,",",s,f,o,",",1,",",1,9,0,0
1,",",2,0,1,4,",",7,0,2,5,",",S,t,., ,L,o,u,i,s, ,D,e,f,e,n,s,e,",",D,e,f,",",s,t,l,",",h,",",m,i,n,",",1,",",3,4,0,0
1,",",2,0,1,4,",",7,0,1,3,",",I,n,d,i,a,n,a,p,o,l,i,s, ,D,e,f,e,n,s,e,",",D,e,f,",",i,n,d,",",a,",",d,e,n,",",0,",",2,6,0,0
1,",",2,0,1,4,",",7,0,1,9,",",N,e,w, ,O,r,l,e,a,n,s, ,D,e,f,e,n,s,e,",",D,e,f,",",n,o,r,",",a,",",a,t,l,",",-,1,",",2,8,0,0
1,",",2,0,1,4,",",7,0,2,0,",",N,e,w, ,Y,o,r,k, ,G, ,D,e,f,e,n,s,e,",",D,e,f,",",n,y,g,",",a,",",d,e,t,",",-,3,",",3,2,0,0

